vintage,ticker
2010-01-01,A
2010-01-01,AA
2010-01-01,AAPL
2010-01-01,ABT
2010-01-01,ACE
2010-01-01,ADBE
2010-01-01,ADI
2010-01-01,ADM
2010-01-01,ADP
2010-01-01,ADSK
2010-01-01,AEE
2010-01-01,AEP
2010-01-01,AES
2010-01-01,AET
2010-01-01,AFL
2010-01-01,AGN
2010-01-01,AIG
2010-01-01,AIV
2010-01-01,AIZ
2010-01-01,AKAM
2010-01-01,AKS
2010-01-01,ALL
2010-01-01,ALTR
2010-01-01,AMAT
2010-01-01,AMD
2010-01-01,AMGN
2010-01-01,AMP
2010-01-01,AMT
2010-01-01,AMZN
2010-01-01,AN
2010-01-01,ANDV
2010-01-01,ANF
2010-01-01,AON
2010-01-01,APA
2010-01-01,APC
2010-01-01,APD
2010-01-01,APH
2010-01-01,APOL
2010-01-01,APTV
2010-01-01,ARG
2010-01-01,ATI
2010-01-01,AVB
2010-01-01,AVP
2010-01-01,AVY
2010-01-01,AXP
2010-01-01,AYE
2010-01-01,AZO
2010-01-01,BA
2010-01-01,BAC
2010-01-01,BALL
2010-01-01,BAX
2010-01-01,BBBY
2010-01-01,BBWI
2010-01-01,BBY
2010-01-01,BCR
2010-01-01,BDX
2010-01-01,BEAM
2010-01-01,BEN
2010-01-01,BF.B
2010-01-01,BHI
2010-01-01,BIG
2010-01-01,BIIB
2010-01-01,BJS
2010-01-01,BKNG
2010-01-01,BMC
2010-01-01,BMS
2010-01-01,BMY
2010-01-01,BNY
2010-01-01,BRCM
2010-01-01,BRK.B
2010-01-01,BSX
2010-01-01,BTU
2010-01-01,BXP
2010-01-01,C
2010-01-01,CA
2010-01-01,CAG
2010-01-01,CAH
2010-01-01,CAM
2010-01-01,CAT
2010-01-01,CBRE
2010-01-01,CCE
2010-01-01,CCL
2010-01-01,CEG
2010-01-01,CELG
2010-01-01,CEPH
2010-01-01,CF
2010-01-01,CFN
2010-01-01,CHK
2010-01-01,CHRW
2010-01-01,CI
2010-01-01,CINF
2010-01-01,CL
2010-01-01,CLF
2010-01-01,CLX
2010-01-01,CMA
2010-01-01,CMCSA
2010-01-01,CME
2010-01-01,CMI
2010-01-01,CMS
2010-01-01,CNP
2010-01-01,CNX
2010-01-01,COF
2010-01-01,COL
2010-01-01,COP
2010-01-01,COR
2010-01-01,COST
2010-01-01,CPB
2010-01-01,CPRI
2010-01-01,CPWR
2010-01-01,CRM
2010-01-01,CSC
2010-01-01,CSCO
2010-01-01,CSX
2010-01-01,CTAS
2010-01-01,CTRA
2010-01-01,CTSH
2010-01-01,CTXS
2010-01-01,CVH
2010-01-01,CVS
2010-01-01,CVX
2010-01-01,D
2010-01-01,DD
2010-01-01,DE
2010-01-01,DELL
2010-01-01,DF
2010-01-01,DFS
2010-01-01,DGX
2010-01-01,DHI
2010-01-01,DHR
2010-01-01,DIS
2010-01-01,DISCA
2010-01-01,DNB
2010-01-01,DNR
2010-01-01,DO
2010-01-01,DOC
2010-01-01,DOV
2010-01-01,DOW
2010-01-01,DPS
2010-01-01,DRI
2010-01-01,DTE
2010-01-01,DTV
2010-01-01,DUK
2010-01-01,DV
2010-01-01,DVA
2010-01-01,DVN
2010-01-01,EA
2010-01-01,EBAY
2010-01-01,ECHO
2010-01-01,ECL
2010-01-01,ED
2010-01-01,EFX
2010-01-01,EIX
2010-01-01,EK
2010-01-01,EL
2010-01-01,ELV
2010-01-01,EMC
2010-01-01,EMN
2010-01-01,EMR
2010-01-01,EOG
2010-01-01,EP
2010-01-01,EQR
2010-01-01,EQT
2010-01-01,ES
2010-01-01,ESRX
2010-01-01,ETFC
2010-01-01,ETN
2010-01-01,ETR
2010-01-01,EXC
2010-01-01,EXPD
2010-01-01,EXPE
2010-01-01,F
2010-01-01,FAST
2010-01-01,FCX
2010-01-01,FDO
2010-01-01,FDX
2010-01-01,FE
2010-01-01,FHN
2010-01-01,FII
2010-01-01,FIS
2010-01-01,FISV
2010-01-01,FITB
2010-01-01,FLIR
2010-01-01,FLR
2010-01-01,FLS
2010-01-01,FMC
2010-01-01,FOXA
2010-01-01,FRX
2010-01-01,FSLR
2010-01-01,FTI
2010-01-01,FTR
2010-01-01,GAS
2010-01-01,GD
2010-01-01,GE
2010-01-01,GEN
2010-01-01,GENZ
2010-01-01,GHC
2010-01-01,GILD
2010-01-01,GIS
2010-01-01,GL
2010-01-01,GLW
2010-01-01,GME
2010-01-01,GNW
2010-01-01,GOOG
2010-01-01,GPC
2010-01-01,GPS
2010-01-01,GR
2010-01-01,GS
2010-01-01,GT
2010-01-01,GWW
2010-01-01,HAL
2010-01-01,HAR
2010-01-01,HAS
2010-01-01,HBAN
2010-01-01,HCBK
2010-01-01,HD
2010-01-01,HES
2010-01-01,HIG
2010-01-01,HNZ
2010-01-01,HOG
2010-01-01,HON
2010-01-01,HOT
2010-01-01,HPQ
2010-01-01,HRB
2010-01-01,HRL
2010-01-01,HSP
2010-01-01,HST
2010-01-01,HSY
2010-01-01,HUM
2010-01-01,IBM
2010-01-01,ICE
2010-01-01,IFF
2010-01-01,IGT
2010-01-01,INTC
2010-01-01,INTU
2010-01-01,IP
2010-01-01,IPG
2010-01-01,IRM
2010-01-01,ISRG
2010-01-01,ITT
2010-01-01,ITW
2010-01-01,IVZ
2010-01-01,J
2010-01-01,JBL
2010-01-01,JCI
2010-01-01,JCP
2010-01-01,JDSU
2010-01-01,JEF
2010-01-01,JNJ
2010-01-01,JNPR
2010-01-01,JNS
2010-01-01,JOY
2010-01-01,JPM
2010-01-01,JWN
2010-01-01,K
2010-01-01,KEY
2010-01-01,KFT
2010-01-01,KG
2010-01-01,KIM
2010-01-01,KLAC
2010-01-01,KMB
2010-01-01,KO
2010-01-01,KR
2010-01-01,KSS
2010-01-01,L
2010-01-01,LEG
2010-01-01,LEN
2010-01-01,LH
2010-01-01,LHX
2010-01-01,LIFE
2010-01-01,LIN
2010-01-01,LLL
2010-01-01,LLTC
2010-01-01,LLY
2010-01-01,LM
2010-01-01,LMT
2010-01-01,LNC
2010-01-01,LO
2010-01-01,LOW
2010-01-01,LSI
2010-01-01,LUMN
2010-01-01,LUV
2010-01-01,LXK
2010-01-01,M
2010-01-01,MA
2010-01-01,MAR
2010-01-01,MAS
2010-01-01,MAT
2010-01-01,MCD
2010-01-01,MCHP
2010-01-01,MCK
2010-01-01,MCO
2010-01-01,MDP
2010-01-01,MDT
2010-01-01,MEE
2010-01-01,MET
2010-01-01,META
2010-01-01,MFE
2010-01-01,MHS
2010-01-01,MI
2010-01-01,MIL
2010-01-01,MJN
2010-01-01,MKC
2010-01-01,MMM
2010-01-01,MO
2010-01-01,MOLX
2010-01-01,MON
2010-01-01,MRK
2010-01-01,MRO
2010-01-01,MRSH
2010-01-01,MS
2010-01-01,MSFT
2010-01-01,MSI
2010-01-01,MTB
2010-01-01,MU
2010-01-01,MUR
2010-01-01,MWW
2010-01-01,NBL
2010-01-01,NBR
2010-01-01,NDAQ
2010-01-01,NE
2010-01-01,NEE
2010-01-01,NEM
2010-01-01,NI
2010-01-01,NKE
2010-01-01,NOC
2010-01-01,NOV
2010-01-01,NOVL
2010-01-01,NRG
2010-01-01,NSC
2010-01-01,NSM
2010-01-01,NTAP
2010-01-01,NTRS
2010-01-01,NUE
2010-01-01,NVDA
2010-01-01,NVLS
2010-01-01,NWL
2010-01-01,NYT
2010-01-01,NYX
2010-01-01,ODP
2010-01-01,OI
2010-01-01,OKE
2010-01-01,OMC
2010-01-01,ORCL
2010-01-01,ORLY
2010-01-01,OXY
2010-01-01,PAYX
2010-01-01,PBCT
2010-01-01,PBI
2010-01-01,PCAR
2010-01-01,PCG
2010-01-01,PCL
2010-01-01,PCP
2010-01-01,PCS
2010-01-01,PDCO
2010-01-01,PEG
2010-01-01,PEP
2010-01-01,PFE
2010-01-01,PFG
2010-01-01,PG
2010-01-01,PGN
2010-01-01,PGR
2010-01-01,PH
2010-01-01,PHM
2010-01-01,PLD
2010-01-01,PLL
2010-01-01,PM
2010-01-01,PNC
2010-01-01,PNW
2010-01-01,POM
2010-01-01,PPG
2010-01-01,PPL
2010-01-01,PRU
2010-01-01,PSA
2010-01-01,PSKY
2010-01-01,PTV
2010-01-01,PWR
2010-01-01,PXD
2010-01-01,Q
2010-01-01,QCOM
2010-01-01,R
2010-01-01,RAI
2010-01-01,RDC
2010-01-01,RF
2010-01-01,RHI
2010-01-01,RHT
2010-01-01,RL
2010-01-01,ROK
2010-01-01,ROP
2010-01-01,ROST
2010-01-01,RRC
2010-01-01,RRD
2010-01-01,RSG
2010-01-01,RSH
2010-01-01,RTN
2010-01-01,RTX
2010-01-01,RVTY
2010-01-01,RX
2010-01-01,S
2010-01-01,SAI
2010-01-01,SBUX
2010-01-01,SCG
2010-01-01,SCHW
2010-01-01,SE
2010-01-01,SEE
2010-01-01,SHLD
2010-01-01,SHW
2010-01-01,SIAL
2010-01-01,SII
2010-01-01,SJM
2010-01-01,SLB
2010-01-01,SLE
2010-01-01,SLM
2010-01-01,SNA
2010-01-01,SNDK
2010-01-01,SNI
2010-01-01,SO
2010-01-01,SPG
2010-01-01,SPGI
2010-01-01,SPLS
2010-01-01,SRCL
2010-01-01,SRE
2010-01-01,STI
2010-01-01,STJ
2010-01-01,STR
2010-01-01,STT
2010-01-01,STZ
2010-01-01,SUN
2010-01-01,SVU
2010-01-01,SW
2010-01-01,SWK
2010-01-01,SWN
2010-01-01,SWY
2010-01-01,SYK
2010-01-01,SYY
2010-01-01,T
2010-01-01,TAP
2010-01-01,TDC
2010-01-01,TE
2010-01-01,TEG
2010-01-01,TER
2010-01-01,TFC
2010-01-01,TGNA
2010-01-01,TGT
2010-01-01,THC
2010-01-01,TIE
2010-01-01,TIF
2010-01-01,TJX
2010-01-01,TLAB
2010-01-01,TMO
2010-01-01,TPR
2010-01-01,TROW
2010-01-01,TRV
2010-01-01,TSN
2010-01-01,TSS
2010-01-01,TT
2010-01-01,TWC
2010-01-01,TWX
2010-01-01,TXN
2010-01-01,TXT
2010-01-01,UAA
2010-01-01,UNH
2010-01-01,UNM
2010-01-01,UNP
2010-01-01,UPS
2010-01-01,URBN
2010-01-01,USB
2010-01-01,V
2010-01-01,VAR
2010-01-01,VFC
2010-01-01,VIAB
2010-01-01,VLO
2010-01-01,VMC
2010-01-01,VNO
2010-01-01,VRSN
2010-01-01,VTR
2010-01-01,VTRS
2010-01-01,VZ
2010-01-01,WAT
2010-01-01,WBA
2010-01-01,WDC
2010-01-01,WEC
2010-01-01,WELL
2010-01-01,WFC
2010-01-01,WFM
2010-01-01,WFR
2010-01-01,WHR
2010-01-01,WIN
2010-01-01,WM
2010-01-01,WMB
2010-01-01,WMT
2010-01-01,WU
2010-01-01,WY
2010-01-01,WYN
2010-01-01,WYNN
2010-01-01,X
2010-01-01,XEL
2010-01-01,XL
2010-01-01,XLNX
2010-01-01,XOM
2010-01-01,XRAY
2010-01-01,XRX
2010-01-01,XTO
2010-01-01,YHOO
2010-01-01,YUM
2010-01-01,ZBH
2010-01-01,ZION
2015-01-01,A
2015-01-01,AA
2015-01-01,AAPL
2015-01-01,ABBV
2015-01-01,ABT
2015-01-01,ACE
2015-01-01,ACN
2015-01-01,ADBE
2015-01-01,ADI
2015-01-01,ADM
2015-01-01,ADP
2015-01-01,ADS
2015-01-01,ADSK
2015-01-01,ADT
2015-01-01,AEE
2015-01-01,AEP
2015-01-01,AES
2015-01-01,AET
2015-01-01,AFL
2015-01-01,AGN
2015-01-01,AIG
2015-01-01,AIV
2015-01-01,AIZ
2015-01-01,AKAM
2015-01-01,ALL
2015-01-01,ALLE
2015-01-01,ALTR
2015-01-01,ALXN
2015-01-01,AMAT
2015-01-01,AME
2015-01-01,AMG
2015-01-01,AMGN
2015-01-01,AMP
2015-01-01,AMT
2015-01-01,AMZN
2015-01-01,AN
2015-01-01,ANDV
2015-01-01,AON
2015-01-01,APA
2015-01-01,APC
2015-01-01,APD
2015-01-01,APH
2015-01-01,APTV
2015-01-01,ARG
2015-01-01,ATI
2015-01-01,AVB
2015-01-01,AVGO
2015-01-01,AVP
2015-01-01,AVY
2015-01-01,AXP
2015-01-01,AZO
2015-01-01,BA
2015-01-01,BAC
2015-01-01,BALL
2015-01-01,BAX
2015-01-01,BBBY
2015-01-01,BBWI
2015-01-01,BBY
2015-01-01,BCR
2015-01-01,BDX
2015-01-01,BEN
2015-01-01,BF.B
2015-01-01,BHI
2015-01-01,BIIB
2015-01-01,BKNG
2015-01-01,BLK
2015-01-01,BMY
2015-01-01,BNY
2015-01-01,BRCM
2015-01-01,BRK.B
2015-01-01,BSX
2015-01-01,BWA
2015-01-01,BXP
2015-01-01,C
2015-01-01,CA
2015-01-01,CAG
2015-01-01,CAH
2015-01-01,CAM
2015-01-01,CAT
2015-01-01,CB
2015-01-01,CBRE
2015-01-01,CCE
2015-01-01,CCI
2015-01-01,CCL
2015-01-01,CELG
2015-01-01,CERN
2015-01-01,CF
2015-01-01,CFN
2015-01-01,CHK
2015-01-01,CHRW
2015-01-01,CI
2015-01-01,CINF
2015-01-01,CL
2015-01-01,CLX
2015-01-01,CMA
2015-01-01,CMCSA
2015-01-01,CME
2015-01-01,CMG
2015-01-01,CMI
2015-01-01,CMS
2015-01-01,CNP
2015-01-01,CNX
2015-01-01,COF
2015-01-01,COL
2015-01-01,COP
2015-01-01,COR
2015-01-01,COST
2015-01-01,COV
2015-01-01,CPB
2015-01-01,CPRI
2015-01-01,CRM
2015-01-01,CSC
2015-01-01,CSCO
2015-01-01,CSX
2015-01-01,CTAS
2015-01-01,CTRA
2015-01-01,CTSH
2015-01-01,CTXS
2015-01-01,CVC
2015-01-01,CVS
2015-01-01,CVX
2015-01-01,D
2015-01-01,DAL
2015-01-01,DD
2015-01-01,DE
2015-01-01,DFS
2015-01-01,DG
2015-01-01,DGX
2015-01-01,DHI
2015-01-01,DHR
2015-01-01,DIS
2015-01-01,DISCA
2015-01-01,DISCK
2015-01-01,DLTR
2015-01-01,DNB
2015-01-01,DNR
2015-01-01,DO
2015-01-01,DOC
2015-01-01,DOV
2015-01-01,DOW
2015-01-01,DPS
2015-01-01,DRI
2015-01-01,DTE
2015-01-01,DTV
2015-01-01,DUK
2015-01-01,DVA
2015-01-01,DVN
2015-01-01,EA
2015-01-01,EBAY
2015-01-01,ECHO
2015-01-01,ECL
2015-01-01,ED
2015-01-01,EFX
2015-01-01,EIX
2015-01-01,EL
2015-01-01,ELV
2015-01-01,EMC
2015-01-01,EMN
2015-01-01,EMR
2015-01-01,EOG
2015-01-01,EQR
2015-01-01,EQT
2015-01-01,ES
2015-01-01,ESRX
2015-01-01,ESS
2015-01-01,ESV
2015-01-01,ETFC
2015-01-01,ETN
2015-01-01,ETR
2015-01-01,EW
2015-01-01,EXC
2015-01-01,EXPD
2015-01-01,EXPE
2015-01-01,F
2015-01-01,FAST
2015-01-01,FCX
2015-01-01,FDO
2015-01-01,FDX
2015-01-01,FE
2015-01-01,FFIV
2015-01-01,FIS
2015-01-01,FISV
2015-01-01,FITB
2015-01-01,FLIR
2015-01-01,FLR
2015-01-01,FLS
2015-01-01,FMC
2015-01-01,FOSL
2015-01-01,FOXA
2015-01-01,FSLR
2015-01-01,FTI
2015-01-01,FTR
2015-01-01,GAS
2015-01-01,GD
2015-01-01,GE
2015-01-01,GEN
2015-01-01,GGP
2015-01-01,GILD
2015-01-01,GIS
2015-01-01,GL
2015-01-01,GLW
2015-01-01,GM
2015-01-01,GMCR
2015-01-01,GME
2015-01-01,GNW
2015-01-01,GOOG
2015-01-01,GOOGL
2015-01-01,GPC
2015-01-01,GPS
2015-01-01,GRMN
2015-01-01,GS
2015-01-01,GT
2015-01-01,GWW
2015-01-01,HAL
2015-01-01,HAR
2015-01-01,HAS
2015-01-01,HBAN
2015-01-01,HCBK
2015-01-01,HD
2015-01-01,HES
2015-01-01,HIG
2015-01-01,HOG
2015-01-01,HON
2015-01-01,HOT
2015-01-01,HP
2015-01-01,HPQ
2015-01-01,HRB
2015-01-01,HRL
2015-01-01,HSP
2015-01-01,HST
2015-01-01,HSY
2015-01-01,HUM
2015-01-01,IBM
2015-01-01,ICE
2015-01-01,IFF
2015-01-01,INTC
2015-01-01,INTU
2015-01-01,IP
2015-01-01,IPG
2015-01-01,IRM
2015-01-01,ISRG
2015-01-01,ITW
2015-01-01,IVZ
2015-01-01,J
2015-01-01,JCI
2015-01-01,JEF
2015-01-01,JNJ
2015-01-01,JNPR
2015-01-01,JOY
2015-01-01,JPM
2015-01-01,JWN
2015-01-01,K
2015-01-01,KEY
2015-01-01,KIM
2015-01-01,KLAC
2015-01-01,KMB
2015-01-01,KMI
2015-01-01,KMX
2015-01-01,KO
2015-01-01,KR
2015-01-01,KRFT
2015-01-01,KSS
2015-01-01,KSU
2015-01-01,L
2015-01-01,LEG
2015-01-01,LEN
2015-01-01,LH
2015-01-01,LHX
2015-01-01,LIN
2015-01-01,LLL
2015-01-01,LLTC
2015-01-01,LLY
2015-01-01,LM
2015-01-01,LMT
2015-01-01,LNC
2015-01-01,LO
2015-01-01,LOW
2015-01-01,LRCX
2015-01-01,LUMN
2015-01-01,LUV
2015-01-01,LVLT
2015-01-01,LYB
2015-01-01,M
2015-01-01,MA
2015-01-01,MAC
2015-01-01,MAR
2015-01-01,MAS
2015-01-01,MAT
2015-01-01,MCD
2015-01-01,MCHP
2015-01-01,MCK
2015-01-01,MCO
2015-01-01,MDLZ
2015-01-01,MDT
2015-01-01,MET
2015-01-01,META
2015-01-01,MHK
2015-01-01,MJN
2015-01-01,MKC
2015-01-01,MLM
2015-01-01,MMM
2015-01-01,MNK
2015-01-01,MNST
2015-01-01,MO
2015-01-01,MON
2015-01-01,MOS
2015-01-01,MPC
2015-01-01,MRK
2015-01-01,MRO
2015-01-01,MRSH
2015-01-01,MS
2015-01-01,MSFT
2015-01-01,MSI
2015-01-01,MTB
2015-01-01,MU
2015-01-01,MUR
2015-01-01,NAVI
2015-01-01,NBL
2015-01-01,NBR
2015-01-01,NDAQ
2015-01-01,NE
2015-01-01,NEE
2015-01-01,NEM
2015-01-01,NFLX
2015-01-01,NFX
2015-01-01,NI
2015-01-01,NKE
2015-01-01,NLSN
2015-01-01,NOC
2015-01-01,NOV
2015-01-01,NRG
2015-01-01,NSC
2015-01-01,NTAP
2015-01-01,NTRS
2015-01-01,NUE
2015-01-01,NVDA
2015-01-01,NWL
2015-01-01,NWSA
2015-01-01,OI
2015-01-01,OKE
2015-01-01,OMC
2015-01-01,ORCL
2015-01-01,ORLY
2015-01-01,OXY
2015-01-01,PAYX
2015-01-01,PBCT
2015-01-01,PBI
2015-01-01,PCAR
2015-01-01,PCG
2015-01-01,PCL
2015-01-01,PCP
2015-01-01,PDCO
2015-01-01,PEG
2015-01-01,PEP
2015-01-01,PETM
2015-01-01,PFE
2015-01-01,PFG
2015-01-01,PG
2015-01-01,PGR
2015-01-01,PH
2015-01-01,PHM
2015-01-01,PLD
2015-01-01,PLL
2015-01-01,PM
2015-01-01,PNC
2015-01-01,PNR
2015-01-01,PNW
2015-01-01,POM
2015-01-01,PPG
2015-01-01,PPL
2015-01-01,PRGO
2015-01-01,PRU
2015-01-01,PSA
2015-01-01,PSKY
2015-01-01,PSX
2015-01-01,PVH
2015-01-01,PWR
2015-01-01,PXD
2015-01-01,QCOM
2015-01-01,QEP
2015-01-01,R
2015-01-01,RAI
2015-01-01,RCL
2015-01-01,REGN
2015-01-01,RF
2015-01-01,RHI
2015-01-01,RHT
2015-01-01,RIG
2015-01-01,RL
2015-01-01,ROK
2015-01-01,ROP
2015-01-01,ROST
2015-01-01,RRC
2015-01-01,RSG
2015-01-01,RTN
2015-01-01,RTX
2015-01-01,RVTY
2015-01-01,SBUX
2015-01-01,SCG
2015-01-01,SCHW
2015-01-01,SE
2015-01-01,SEE
2015-01-01,SHW
2015-01-01,SIAL
2015-01-01,SJM
2015-01-01,SLB
2015-01-01,SNA
2015-01-01,SNDK
2015-01-01,SNI
2015-01-01,SO
2015-01-01,SPG
2015-01-01,SPGI
2015-01-01,SPLS
2015-01-01,SRCL
2015-01-01,SRE
2015-01-01,STI
2015-01-01,STJ
2015-01-01,STT
2015-01-01,STX
2015-01-01,STZ
2015-01-01,SW
2015-01-01,SWK
2015-01-01,SWN
2015-01-01,SWY
2015-01-01,SYK
2015-01-01,SYY
2015-01-01,T
2015-01-01,TAP
2015-01-01,TDC
2015-01-01,TE
2015-01-01,TEG
2015-01-01,TEL
2015-01-01,TFC
2015-01-01,TGNA
2015-01-01,TGT
2015-01-01,THC
2015-01-01,TIF
2015-01-01,TJX
2015-01-01,TMO
2015-01-01,TPR
2015-01-01,TRIP
2015-01-01,TROW
2015-01-01,TRV
2015-01-01,TSCO
2015-01-01,TSN
2015-01-01,TSS
2015-01-01,TT
2015-01-01,TWC
2015-01-01,TWX
2015-01-01,TXN
2015-01-01,TXT
2015-01-01,TYC
2015-01-01,UAA
2015-01-01,UHS
2015-01-01,UNH
2015-01-01,UNM
2015-01-01,UNP
2015-01-01,UPS
2015-01-01,URBN
2015-01-01,URI
2015-01-01,USB
2015-01-01,V
2015-01-01,VAR
2015-01-01,VFC
2015-01-01,VIAB
2015-01-01,VLO
2015-01-01,VMC
2015-01-01,VNO
2015-01-01,VRSN
2015-01-01,VRTX
2015-01-01,VTR
2015-01-01,VTRS
2015-01-01,VZ
2015-01-01,WAT
2015-01-01,WBA
2015-01-01,WDC
2015-01-01,WEC
2015-01-01,WELL
2015-01-01,WFC
2015-01-01,WFM
2015-01-01,WHR
2015-01-01,WIN
2015-01-01,WM
2015-01-01,WMB
2015-01-01,WMT
2015-01-01,WU
2015-01-01,WY
2015-01-01,WYN
2015-01-01,WYNN
2015-01-01,XEC
2015-01-01,XEL
2015-01-01,XL
2015-01-01,XLNX
2015-01-01,XOM
2015-01-01,XRAY
2015-01-01,XRX
2015-01-01,XYL
2015-01-01,YHOO
2015-01-01,YUM
2015-01-01,ZBH
2015-01-01,ZION
2015-01-01,ZTS
