vintage,ticker,visible_today
2010-01-01,A,1
2010-01-01,AA,1
2010-01-01,AAPL,1
2010-01-01,ABT,1
2010-01-01,ACE,0
2010-01-01,ADBE,1
2010-01-01,ADI,1
2010-01-01,ADM,1
2010-01-01,ADP,1
2010-01-01,ADSK,1
2010-01-01,AEE,1
2010-01-01,AEP,1
2010-01-01,AES,1
2010-01-01,AET,0
2010-01-01,AFL,1
2010-01-01,AGN,0
2010-01-01,AIG,1
2010-01-01,AIV,1
2010-01-01,AIZ,1
2010-01-01,AKAM,1
2010-01-01,AKS,0
2010-01-01,ALL,1
2010-01-01,ALTR,0
2010-01-01,AMAT,1
2010-01-01,AMD,1
2010-01-01,AMGN,1
2010-01-01,AMP,1
2010-01-01,AMT,1
2010-01-01,AMZN,1
2010-01-01,AN,1
2010-01-01,ANDV,0
2010-01-01,ANF,1
2010-01-01,AON,1
2010-01-01,APA,1
2010-01-01,APC,1
2010-01-01,APD,1
2010-01-01,APH,1
2010-01-01,APOL,0
2010-01-01,APTV,1
2010-01-01,ARG,0
2010-01-01,ATI,1
2010-01-01,AVB,1
2010-01-01,AVP,0
2010-01-01,AVY,1
2010-01-01,AXP,1
2010-01-01,AYE,0
2010-01-01,AZO,1
2010-01-01,BA,1
2010-01-01,BAC,1
2010-01-01,BALL,1
2010-01-01,BAX,1
2010-01-01,BBBY,1
2010-01-01,BBWI,1
2010-01-01,BBY,1
2010-01-01,BCR,0
2010-01-01,BDX,1
2010-01-01,BEAM,1
2010-01-01,BEN,1
2010-01-01,BF.B,1
2010-01-01,BHI,0
2010-01-01,BIG,0
2010-01-01,BIIB,1
2010-01-01,BJS,0
2010-01-01,BKNG,1
2010-01-01,BMC,0
2010-01-01,BMS,0
2010-01-01,BMY,1
2010-01-01,BNY,1
2010-01-01,BRCM,0
2010-01-01,BRK.B,1
2010-01-01,BSX,1
2010-01-01,BTU,1
2010-01-01,BXP,1
2010-01-01,C,1
2010-01-01,CA,0
2010-01-01,CAG,1
2010-01-01,CAH,1
2010-01-01,CAM,1
2010-01-01,CAT,1
2010-01-01,CBRE,1
2010-01-01,CCE,0
2010-01-01,CCL,1
2010-01-01,CEG,1
2010-01-01,CELG,0
2010-01-01,CEPH,0
2010-01-01,CF,1
2010-01-01,CFN,0
2010-01-01,CHK,0
2010-01-01,CHRW,1
2010-01-01,CI,1
2010-01-01,CINF,1
2010-01-01,CL,1
2010-01-01,CLF,1
2010-01-01,CLX,1
2010-01-01,CMA,0
2010-01-01,CMCSA,1
2010-01-01,CME,1
2010-01-01,CMI,1
2010-01-01,CMS,1
2010-01-01,CNP,1
2010-01-01,CNX,1
2010-01-01,COF,1
2010-01-01,COL,0
2010-01-01,COP,1
2010-01-01,COR,1
2010-01-01,COST,1
2010-01-01,CPB,1
2010-01-01,CPRI,1
2010-01-01,CPWR,1
2010-01-01,CRM,1
2010-01-01,CSC,0
2010-01-01,CSCO,1
2010-01-01,CSX,1
2010-01-01,CTAS,1
2010-01-01,CTRA,0
2010-01-01,CTSH,1
2010-01-01,CTXS,0
2010-01-01,CVH,0
2010-01-01,CVS,1
2010-01-01,CVX,1
2010-01-01,D,1
2010-01-01,DD,1
2010-01-01,DE,1
2010-01-01,DELL,1
2010-01-01,DF,0
2010-01-01,DFS,0
2010-01-01,DGX,1
2010-01-01,DHI,1
2010-01-01,DHR,1
2010-01-01,DIS,1
2010-01-01,DISCA,0
2010-01-01,DNB,0
2010-01-01,DNR,0
2010-01-01,DO,0
2010-01-01,DOC,1
2010-01-01,DOV,1
2010-01-01,DOW,1
2010-01-01,DPS,0
2010-01-01,DRI,1
2010-01-01,DTE,1
2010-01-01,DTV,0
2010-01-01,DUK,1
2010-01-01,DV,1
2010-01-01,DVA,1
2010-01-01,DVN,1
2010-01-01,EA,1
2010-01-01,EBAY,1
2010-01-01,ECHO,1
2010-01-01,ECL,1
2010-01-01,ED,1
2010-01-01,EFX,1
2010-01-01,EIX,1
2010-01-01,EK,0
2010-01-01,EL,1
2010-01-01,ELV,1
2010-01-01,EMC,1
2010-01-01,EMN,1
2010-01-01,EMR,1
2010-01-01,EOG,1
2010-01-01,EP,1
2010-01-01,EQR,1
2010-01-01,EQT,1
2010-01-01,ES,1
2010-01-01,ESRX,0
2010-01-01,ETFC,0
2010-01-01,ETN,1
2010-01-01,ETR,1
2010-01-01,EXC,1
2010-01-01,EXPD,1
2010-01-01,EXPE,1
2010-01-01,F,1
2010-01-01,FAST,1
2010-01-01,FCX,1
2010-01-01,FDO,0
2010-01-01,FDX,1
2010-01-01,FE,1
2010-01-01,FHN,1
2010-01-01,FII,0
2010-01-01,FIS,1
2010-01-01,FISV,1
2010-01-01,FITB,1
2010-01-01,FLIR,0
2010-01-01,FLR,1
2010-01-01,FLS,1
2010-01-01,FMC,1
2010-01-01,FOXA,1
2010-01-01,FRX,0
2010-01-01,FSLR,1
2010-01-01,FTI,1
2010-01-01,FTR,0
2010-01-01,GAS,0
2010-01-01,GD,1
2010-01-01,GE,1
2010-01-01,GEN,1
2010-01-01,GENZ,1
2010-01-01,GHC,1
2010-01-01,GILD,1
2010-01-01,GIS,1
2010-01-01,GL,1
2010-01-01,GLW,1
2010-01-01,GME,1
2010-01-01,GNW,1
2010-01-01,GOOG,1
2010-01-01,GPC,1
2010-01-01,GPS,0
2010-01-01,GR,0
2010-01-01,GS,1
2010-01-01,GT,1
2010-01-01,GWW,1
2010-01-01,HAL,1
2010-01-01,HAR,0
2010-01-01,HAS,1
2010-01-01,HBAN,1
2010-01-01,HCBK,0
2010-01-01,HD,1
2010-01-01,HES,0
2010-01-01,HIG,1
2010-01-01,HNZ,0
2010-01-01,HOG,1
2010-01-01,HON,1
2010-01-01,HOT,0
2010-01-01,HPQ,1
2010-01-01,HRB,1
2010-01-01,HRL,1
2010-01-01,HSP,0
2010-01-01,HST,1
2010-01-01,HSY,1
2010-01-01,HUM,1
2010-01-01,IBM,1
2010-01-01,ICE,1
2010-01-01,IFF,1
2010-01-01,IGT,0
2010-01-01,INTC,1
2010-01-01,INTU,1
2010-01-01,IP,1
2010-01-01,IPG,0
2010-01-01,IRM,1
2010-01-01,ISRG,1
2010-01-01,ITT,1
2010-01-01,ITW,1
2010-01-01,IVZ,1
2010-01-01,J,1
2010-01-01,JBL,1
2010-01-01,JCI,1
2010-01-01,JCP,0
2010-01-01,JDSU,0
2010-01-01,JEF,1
2010-01-01,JNJ,1
2010-01-01,JNPR,0
2010-01-01,JNS,0
2010-01-01,JOY,0
2010-01-01,JPM,1
2010-01-01,JWN,0
2010-01-01,K,0
2010-01-01,KEY,1
2010-01-01,KFT,0
2010-01-01,KG,1
2010-01-01,KIM,1
2010-01-01,KLAC,1
2010-01-01,KMB,1
2010-01-01,KO,1
2010-01-01,KR,1
2010-01-01,KSS,1
2010-01-01,L,1
2010-01-01,LEG,1
2010-01-01,LEN,1
2010-01-01,LH,1
2010-01-01,LHX,1
2010-01-01,LIFE,1
2010-01-01,LIN,1
2010-01-01,LLL,0
2010-01-01,LLTC,0
2010-01-01,LLY,1
2010-01-01,LM,0
2010-01-01,LMT,1
2010-01-01,LNC,1
2010-01-01,LO,0
2010-01-01,LOW,1
2010-01-01,LSI,0
2010-01-01,LUMN,1
2010-01-01,LUV,1
2010-01-01,LXK,0
2010-01-01,M,1
2010-01-01,MA,1
2010-01-01,MAR,1
2010-01-01,MAS,1
2010-01-01,MAT,1
2010-01-01,MCD,1
2010-01-01,MCHP,1
2010-01-01,MCK,1
2010-01-01,MCO,1
2010-01-01,MDP,0
2010-01-01,MDT,1
2010-01-01,MEE,0
2010-01-01,MET,1
2010-01-01,META,1
2010-01-01,MFE,0
2010-01-01,MHS,1
2010-01-01,MI,1
2010-01-01,MIL,0
2010-01-01,MJN,0
2010-01-01,MKC,1
2010-01-01,MMM,1
2010-01-01,MO,1
2010-01-01,MOLX,0
2010-01-01,MON,0
2010-01-01,MRK,1
2010-01-01,MRO,0
2010-01-01,MRSH,1
2010-01-01,MS,1
2010-01-01,MSFT,1
2010-01-01,MSI,1
2010-01-01,MTB,1
2010-01-01,MU,1
2010-01-01,MUR,1
2010-01-01,MWW,0
2010-01-01,NBL,0
2010-01-01,NBR,1
2010-01-01,NDAQ,1
2010-01-01,NE,1
2010-01-01,NEE,1
2010-01-01,NEM,1
2010-01-01,NI,1
2010-01-01,NKE,1
2010-01-01,NOC,1
2010-01-01,NOV,1
2010-01-01,NOVL,0
2010-01-01,NRG,1
2010-01-01,NSC,1
2010-01-01,NSM,0
2010-01-01,NTAP,1
2010-01-01,NTRS,1
2010-01-01,NUE,1
2010-01-01,NVDA,1
2010-01-01,NVLS,0
2010-01-01,NWL,1
2010-01-01,NYT,1
2010-01-01,NYX,0
2010-01-01,ODP,0
2010-01-01,OI,1
2010-01-01,OKE,1
2010-01-01,OMC,1
2010-01-01,ORCL,1
2010-01-01,ORLY,1
2010-01-01,OXY,1
2010-01-01,PAYX,1
2010-01-01,PBCT,0
2010-01-01,PBI,1
2010-01-01,PCAR,1
2010-01-01,PCG,1
2010-01-01,PCL,1
2010-01-01,PCP,0
2010-01-01,PCS,1
2010-01-01,PDCO,0
2010-01-01,PEG,1
2010-01-01,PEP,1
2010-01-01,PFE,1
2010-01-01,PFG,1
2010-01-01,PG,1
2010-01-01,PGN,0
2010-01-01,PGR,1
2010-01-01,PH,1
2010-01-01,PHM,1
2010-01-01,PLD,1
2010-01-01,PLL,0
2010-01-01,PM,1
2010-01-01,PNC,1
2010-01-01,PNW,1
2010-01-01,POM,1
2010-01-01,PPG,1
2010-01-01,PPL,1
2010-01-01,PRU,1
2010-01-01,PSA,1
2010-01-01,PSKY,1
2010-01-01,PTV,0
2010-01-01,PWR,1
2010-01-01,PXD,0
2010-01-01,Q,1
2010-01-01,QCOM,1
2010-01-01,R,1
2010-01-01,RAI,0
2010-01-01,RDC,0
2010-01-01,RF,1
2010-01-01,RHI,1
2010-01-01,RHT,0
2010-01-01,RL,1
2010-01-01,ROK,1
2010-01-01,ROP,1
2010-01-01,ROST,1
2010-01-01,RRC,1
2010-01-01,RRD,0
2010-01-01,RSG,1
2010-01-01,RSH,0
2010-01-01,RTN,0
2010-01-01,RTX,1
2010-01-01,RVTY,1
2010-01-01,RX,0
2010-01-01,S,1
2010-01-01,SAI,0
2010-01-01,SBUX,1
2010-01-01,SCG,0
2010-01-01,SCHW,1
2010-01-01,SE,1
2010-01-01,SEE,0
2010-01-01,SHLD,1
2010-01-01,SHW,1
2010-01-01,SIAL,0
2010-01-01,SII,1
2010-01-01,SJM,1
2010-01-01,SLB,1
2010-01-01,SLE,1
2010-01-01,SLM,1
2010-01-01,SNA,1
2010-01-01,SNDK,1
2010-01-01,SNI,0
2010-01-01,SO,1
2010-01-01,SPG,1
2010-01-01,SPGI,1
2010-01-01,SPLS,1
2010-01-01,SRCL,0
2010-01-01,SRE,1
2010-01-01,STI,1
2010-01-01,STJ,0
2010-01-01,STR,0
2010-01-01,STT,1
2010-01-01,STZ,1
2010-01-01,SUN,1
2010-01-01,SVU,0
2010-01-01,SW,1
2010-01-01,SWK,1
2010-01-01,SWN,0
2010-01-01,SWY,0
2010-01-01,SYK,1
2010-01-01,SYY,1
2010-01-01,T,1
2010-01-01,TAP,1
2010-01-01,TDC,1
2010-01-01,TE,1
2010-01-01,TEG,0
2010-01-01,TER,1
2010-01-01,TFC,1
2010-01-01,TGNA,0
2010-01-01,TGT,1
2010-01-01,THC,1
2010-01-01,TIE,0
2010-01-01,TIF,0
2010-01-01,TJX,1
2010-01-01,TLAB,0
2010-01-01,TMO,1
2010-01-01,TPR,1
2010-01-01,TROW,1
2010-01-01,TRV,1
2010-01-01,TSN,1
2010-01-01,TSS,0
2010-01-01,TT,1
2010-01-01,TWC,0
2010-01-01,TWX,0
2010-01-01,TXN,1
2010-01-01,TXT,1
2010-01-01,UAA,1
2010-01-01,UNH,1
2010-01-01,UNM,1
2010-01-01,UNP,1
2010-01-01,UPS,1
2010-01-01,URBN,1
2010-01-01,USB,1
2010-01-01,V,1
2010-01-01,VAR,0
2010-01-01,VFC,1
2010-01-01,VIAB,0
2010-01-01,VLO,1
2010-01-01,VMC,1
2010-01-01,VNO,1
2010-01-01,VRSN,1
2010-01-01,VTR,1
2010-01-01,VTRS,1
2010-01-01,VZ,1
2010-01-01,WAT,1
2010-01-01,WBA,0
2010-01-01,WDC,1
2010-01-01,WEC,1
2010-01-01,WELL,1
2010-01-01,WFC,1
2010-01-01,WFM,0
2010-01-01,WFR,0
2010-01-01,WHR,1
2010-01-01,WIN,0
2010-01-01,WM,1
2010-01-01,WMB,1
2010-01-01,WMT,1
2010-01-01,WU,1
2010-01-01,WY,1
2010-01-01,WYN,0
2010-01-01,WYNN,1
2010-01-01,X,0
2010-01-01,XEL,1
2010-01-01,XL,0
2010-01-01,XLNX,0
2010-01-01,XOM,1
2010-01-01,XRAY,1
2010-01-01,XRX,1
2010-01-01,XTO,0
2010-01-01,YHOO,0
2010-01-01,YUM,1
2010-01-01,ZBH,1
2010-01-01,ZION,1
2015-01-01,A,1
2015-01-01,AA,1
2015-01-01,AAPL,1
2015-01-01,ABBV,1
2015-01-01,ABT,1
2015-01-01,ACE,0
2015-01-01,ACN,1
2015-01-01,ADBE,1
2015-01-01,ADI,1
2015-01-01,ADM,1
2015-01-01,ADP,1
2015-01-01,ADS,0
2015-01-01,ADSK,1
2015-01-01,ADT,1
2015-01-01,AEE,1
2015-01-01,AEP,1
2015-01-01,AES,1
2015-01-01,AET,0
2015-01-01,AFL,1
2015-01-01,AGN,0
2015-01-01,AIG,1
2015-01-01,AIV,1
2015-01-01,AIZ,1
2015-01-01,AKAM,1
2015-01-01,ALL,1
2015-01-01,ALLE,1
2015-01-01,ALTR,0
2015-01-01,ALXN,0
2015-01-01,AMAT,1
2015-01-01,AME,1
2015-01-01,AMG,1
2015-01-01,AMGN,1
2015-01-01,AMP,1
2015-01-01,AMT,1
2015-01-01,AMZN,1
2015-01-01,AN,1
2015-01-01,ANDV,0
2015-01-01,AON,1
2015-01-01,APA,1
2015-01-01,APC,1
2015-01-01,APD,1
2015-01-01,APH,1
2015-01-01,APTV,1
2015-01-01,ARG,0
2015-01-01,ATI,1
2015-01-01,AVB,1
2015-01-01,AVGO,1
2015-01-01,AVP,0
2015-01-01,AVY,1
2015-01-01,AXP,1
2015-01-01,AZO,1
2015-01-01,BA,1
2015-01-01,BAC,1
2015-01-01,BALL,1
2015-01-01,BAX,1
2015-01-01,BBBY,1
2015-01-01,BBWI,1
2015-01-01,BBY,1
2015-01-01,BCR,0
2015-01-01,BDX,1
2015-01-01,BEN,1
2015-01-01,BF.B,1
2015-01-01,BHI,0
2015-01-01,BIIB,1
2015-01-01,BKNG,1
2015-01-01,BLK,1
2015-01-01,BMY,1
2015-01-01,BNY,1
2015-01-01,BRCM,0
2015-01-01,BRK.B,1
2015-01-01,BSX,1
2015-01-01,BWA,1
2015-01-01,BXP,1
2015-01-01,C,1
2015-01-01,CA,0
2015-01-01,CAG,1
2015-01-01,CAH,1
2015-01-01,CAM,1
2015-01-01,CAT,1
2015-01-01,CB,1
2015-01-01,CBRE,1
2015-01-01,CCE,0
2015-01-01,CCI,1
2015-01-01,CCL,1
2015-01-01,CELG,0
2015-01-01,CERN,0
2015-01-01,CF,1
2015-01-01,CFN,0
2015-01-01,CHK,0
2015-01-01,CHRW,1
2015-01-01,CI,1
2015-01-01,CINF,1
2015-01-01,CL,1
2015-01-01,CLX,1
2015-01-01,CMA,0
2015-01-01,CMCSA,1
2015-01-01,CME,1
2015-01-01,CMG,1
2015-01-01,CMI,1
2015-01-01,CMS,1
2015-01-01,CNP,1
2015-01-01,CNX,1
2015-01-01,COF,1
2015-01-01,COL,0
2015-01-01,COP,1
2015-01-01,COR,1
2015-01-01,COST,1
2015-01-01,COV,0
2015-01-01,CPB,1
2015-01-01,CPRI,1
2015-01-01,CRM,1
2015-01-01,CSC,0
2015-01-01,CSCO,1
2015-01-01,CSX,1
2015-01-01,CTAS,1
2015-01-01,CTRA,0
2015-01-01,CTSH,1
2015-01-01,CTXS,0
2015-01-01,CVC,0
2015-01-01,CVS,1
2015-01-01,CVX,1
2015-01-01,D,1
2015-01-01,DAL,1
2015-01-01,DD,1
2015-01-01,DE,1
2015-01-01,DFS,0
2015-01-01,DG,1
2015-01-01,DGX,1
2015-01-01,DHI,1
2015-01-01,DHR,1
2015-01-01,DIS,1
2015-01-01,DISCA,0
2015-01-01,DISCK,0
2015-01-01,DLTR,1
2015-01-01,DNB,0
2015-01-01,DNR,0
2015-01-01,DO,0
2015-01-01,DOC,1
2015-01-01,DOV,1
2015-01-01,DOW,1
2015-01-01,DPS,0
2015-01-01,DRI,1
2015-01-01,DTE,1
2015-01-01,DTV,0
2015-01-01,DUK,1
2015-01-01,DVA,1
2015-01-01,DVN,1
2015-01-01,EA,1
2015-01-01,EBAY,1
2015-01-01,ECHO,1
2015-01-01,ECL,1
2015-01-01,ED,1
2015-01-01,EFX,1
2015-01-01,EIX,1
2015-01-01,EL,1
2015-01-01,ELV,1
2015-01-01,EMC,1
2015-01-01,EMN,1
2015-01-01,EMR,1
2015-01-01,EOG,1
2015-01-01,EQR,1
2015-01-01,EQT,1
2015-01-01,ES,1
2015-01-01,ESRX,0
2015-01-01,ESS,1
2015-01-01,ESV,0
2015-01-01,ETFC,0
2015-01-01,ETN,1
2015-01-01,ETR,1
2015-01-01,EW,1
2015-01-01,EXC,1
2015-01-01,EXPD,1
2015-01-01,EXPE,1
2015-01-01,F,1
2015-01-01,FAST,1
2015-01-01,FCX,1
2015-01-01,FDO,0
2015-01-01,FDX,1
2015-01-01,FE,1
2015-01-01,FFIV,1
2015-01-01,FIS,1
2015-01-01,FISV,1
2015-01-01,FITB,1
2015-01-01,FLIR,0
2015-01-01,FLR,1
2015-01-01,FLS,1
2015-01-01,FMC,1
2015-01-01,FOSL,1
2015-01-01,FOXA,1
2015-01-01,FSLR,1
2015-01-01,FTI,1
2015-01-01,FTR,0
2015-01-01,GAS,0
2015-01-01,GD,1
2015-01-01,GE,1
2015-01-01,GEN,1
2015-01-01,GGP,0
2015-01-01,GILD,1
2015-01-01,GIS,1
2015-01-01,GL,1
2015-01-01,GLW,1
2015-01-01,GM,1
2015-01-01,GMCR,0
2015-01-01,GME,1
2015-01-01,GNW,1
2015-01-01,GOOG,1
2015-01-01,GOOGL,1
2015-01-01,GPC,1
2015-01-01,GPS,0
2015-01-01,GRMN,1
2015-01-01,GS,1
2015-01-01,GT,1
2015-01-01,GWW,1
2015-01-01,HAL,1
2015-01-01,HAR,0
2015-01-01,HAS,1
2015-01-01,HBAN,1
2015-01-01,HCBK,0
2015-01-01,HD,1
2015-01-01,HES,0
2015-01-01,HIG,1
2015-01-01,HOG,1
2015-01-01,HON,1
2015-01-01,HOT,0
2015-01-01,HP,1
2015-01-01,HPQ,1
2015-01-01,HRB,1
2015-01-01,HRL,1
2015-01-01,HSP,0
2015-01-01,HST,1
2015-01-01,HSY,1
2015-01-01,HUM,1
2015-01-01,IBM,1
2015-01-01,ICE,1
2015-01-01,IFF,1
2015-01-01,INTC,1
2015-01-01,INTU,1
2015-01-01,IP,1
2015-01-01,IPG,0
2015-01-01,IRM,1
2015-01-01,ISRG,1
2015-01-01,ITW,1
2015-01-01,IVZ,1
2015-01-01,J,1
2015-01-01,JCI,1
2015-01-01,JEF,1
2015-01-01,JNJ,1
2015-01-01,JNPR,0
2015-01-01,JOY,0
2015-01-01,JPM,1
2015-01-01,JWN,0
2015-01-01,K,0
2015-01-01,KEY,1
2015-01-01,KIM,1
2015-01-01,KLAC,1
2015-01-01,KMB,1
2015-01-01,KMI,1
2015-01-01,KMX,1
2015-01-01,KO,1
2015-01-01,KR,1
2015-01-01,KRFT,0
2015-01-01,KSS,1
2015-01-01,KSU,0
2015-01-01,L,1
2015-01-01,LEG,1
2015-01-01,LEN,1
2015-01-01,LH,1
2015-01-01,LHX,1
2015-01-01,LIN,1
2015-01-01,LLL,0
2015-01-01,LLTC,0
2015-01-01,LLY,1
2015-01-01,LM,0
2015-01-01,LMT,1
2015-01-01,LNC,1
2015-01-01,LO,0
2015-01-01,LOW,1
2015-01-01,LRCX,1
2015-01-01,LUMN,1
2015-01-01,LUV,1
2015-01-01,LVLT,0
2015-01-01,LYB,1
2015-01-01,M,1
2015-01-01,MA,1
2015-01-01,MAC,1
2015-01-01,MAR,1
2015-01-01,MAS,1
2015-01-01,MAT,1
2015-01-01,MCD,1
2015-01-01,MCHP,1
2015-01-01,MCK,1
2015-01-01,MCO,1
2015-01-01,MDLZ,1
2015-01-01,MDT,1
2015-01-01,MET,1
2015-01-01,META,1
2015-01-01,MHK,1
2015-01-01,MJN,0
2015-01-01,MKC,1
2015-01-01,MLM,1
2015-01-01,MMM,1
2015-01-01,MNK,0
2015-01-01,MNST,1
2015-01-01,MO,1
2015-01-01,MON,0
2015-01-01,MOS,1
2015-01-01,MPC,1
2015-01-01,MRK,1
2015-01-01,MRO,0
2015-01-01,MRSH,1
2015-01-01,MS,1
2015-01-01,MSFT,1
2015-01-01,MSI,1
2015-01-01,MTB,1
2015-01-01,MU,1
2015-01-01,MUR,1
2015-01-01,NAVI,1
2015-01-01,NBL,0
2015-01-01,NBR,1
2015-01-01,NDAQ,1
2015-01-01,NE,1
2015-01-01,NEE,1
2015-01-01,NEM,1
2015-01-01,NFLX,1
2015-01-01,NFX,1
2015-01-01,NI,1
2015-01-01,NKE,1
2015-01-01,NLSN,0
2015-01-01,NOC,1
2015-01-01,NOV,1
2015-01-01,NRG,1
2015-01-01,NSC,1
2015-01-01,NTAP,1
2015-01-01,NTRS,1
2015-01-01,NUE,1
2015-01-01,NVDA,1
2015-01-01,NWL,1
2015-01-01,NWSA,1
2015-01-01,OI,1
2015-01-01,OKE,1
2015-01-01,OMC,1
2015-01-01,ORCL,1
2015-01-01,ORLY,1
2015-01-01,OXY,1
2015-01-01,PAYX,1
2015-01-01,PBCT,0
2015-01-01,PBI,1
2015-01-01,PCAR,1
2015-01-01,PCG,1
2015-01-01,PCL,1
2015-01-01,PCP,0
2015-01-01,PDCO,0
2015-01-01,PEG,1
2015-01-01,PEP,1
2015-01-01,PETM,0
2015-01-01,PFE,1
2015-01-01,PFG,1
2015-01-01,PG,1
2015-01-01,PGR,1
2015-01-01,PH,1
2015-01-01,PHM,1
2015-01-01,PLD,1
2015-01-01,PLL,0
2015-01-01,PM,1
2015-01-01,PNC,1
2015-01-01,PNR,1
2015-01-01,PNW,1
2015-01-01,POM,1
2015-01-01,PPG,1
2015-01-01,PPL,1
2015-01-01,PRGO,1
2015-01-01,PRU,1
2015-01-01,PSA,1
2015-01-01,PSKY,1
2015-01-01,PSX,1
2015-01-01,PVH,1
2015-01-01,PWR,1
2015-01-01,PXD,0
2015-01-01,QCOM,1
2015-01-01,QEP,0
2015-01-01,R,1
2015-01-01,RAI,0
2015-01-01,RCL,1
2015-01-01,REGN,1
2015-01-01,RF,1
2015-01-01,RHI,1
2015-01-01,RHT,0
2015-01-01,RIG,1
2015-01-01,RL,1
2015-01-01,ROK,1
2015-01-01,ROP,1
2015-01-01,ROST,1
2015-01-01,RRC,1
2015-01-01,RSG,1
2015-01-01,RTN,0
2015-01-01,RTX,1
2015-01-01,RVTY,1
2015-01-01,SBUX,1
2015-01-01,SCG,0
2015-01-01,SCHW,1
2015-01-01,SE,1
2015-01-01,SEE,0
2015-01-01,SHW,1
2015-01-01,SIAL,0
2015-01-01,SJM,1
2015-01-01,SLB,1
2015-01-01,SNA,1
2015-01-01,SNDK,1
2015-01-01,SNI,0
2015-01-01,SO,1
2015-01-01,SPG,1
2015-01-01,SPGI,1
2015-01-01,SPLS,1
2015-01-01,SRCL,0
2015-01-01,SRE,1
2015-01-01,STI,1
2015-01-01,STJ,0
2015-01-01,STT,1
2015-01-01,STX,1
2015-01-01,STZ,1
2015-01-01,SW,1
2015-01-01,SWK,1
2015-01-01,SWN,0
2015-01-01,SWY,0
2015-01-01,SYK,1
2015-01-01,SYY,1
2015-01-01,T,1
2015-01-01,TAP,1
2015-01-01,TDC,1
2015-01-01,TE,1
2015-01-01,TEG,0
2015-01-01,TEL,1
2015-01-01,TFC,1
2015-01-01,TGNA,0
2015-01-01,TGT,1
2015-01-01,THC,1
2015-01-01,TIF,0
2015-01-01,TJX,1
2015-01-01,TMO,1
2015-01-01,TPR,1
2015-01-01,TRIP,1
2015-01-01,TROW,1
2015-01-01,TRV,1
2015-01-01,TSCO,1
2015-01-01,TSN,1
2015-01-01,TSS,0
2015-01-01,TT,1
2015-01-01,TWC,0
2015-01-01,TWX,0
2015-01-01,TXN,1
2015-01-01,TXT,1
2015-01-01,TYC,0
2015-01-01,UAA,1
2015-01-01,UHS,1
2015-01-01,UNH,1
2015-01-01,UNM,1
2015-01-01,UNP,1
2015-01-01,UPS,1
2015-01-01,URBN,1
2015-01-01,URI,1
2015-01-01,USB,1
2015-01-01,V,1
2015-01-01,VAR,0
2015-01-01,VFC,1
2015-01-01,VIAB,0
2015-01-01,VLO,1
2015-01-01,VMC,1
2015-01-01,VNO,1
2015-01-01,VRSN,1
2015-01-01,VRTX,1
2015-01-01,VTR,1
2015-01-01,VTRS,1
2015-01-01,VZ,1
2015-01-01,WAT,1
2015-01-01,WBA,0
2015-01-01,WDC,1
2015-01-01,WEC,1
2015-01-01,WELL,1
2015-01-01,WFC,1
2015-01-01,WFM,0
2015-01-01,WHR,1
2015-01-01,WIN,0
2015-01-01,WM,1
2015-01-01,WMB,1
2015-01-01,WMT,1
2015-01-01,WU,1
2015-01-01,WY,1
2015-01-01,WYN,0
2015-01-01,WYNN,1
2015-01-01,XEC,0
2015-01-01,XEL,1
2015-01-01,XL,0
2015-01-01,XLNX,0
2015-01-01,XOM,1
2015-01-01,XRAY,1
2015-01-01,XRX,1
2015-01-01,XYL,1
2015-01-01,YHOO,0
2015-01-01,YUM,1
2015-01-01,ZBH,1
2015-01-01,ZION,1
2015-01-01,ZTS,1
